{"train/loss": 0.05671961233019829, "train/macro-f1": 0.7359572649002075, "val/loss": 0.2318108081817627, "val/macro-f1": 0.5991833209991455, "time_per_epoch": 60, "_timestamp": 1720980782.2419586, "_runtime": 991.6093685626984, "_step": 15}