{"train/loss": 0.17101074755191803, "train/macro-f1": 0.4873915910720825, "val/loss": 0.20163117349147797, "val/macro-f1": 0.4963517189025879, "time_per_epoch": 174, "_timestamp": 1720980687.8491924, "_runtime": 536.5413813591003, "_step": 2}