{"train/loss": 0.32907670736312866, "train/macro-f1": 0.1716976761817932, "val/loss": 0.2672671377658844, "val/macro-f1": 0.27009522914886475, "time_per_epoch": 377, "_timestamp": 1720980711.6739564, "_runtime": 378.045681476593, "_step": 0}